{
  "accounts": {
    "studentWithExistingProfile": {
      "googleId": "tm.e2e.SProf.student",
      "name": "Benny C",
      "isInstructor": false,
      "email": "SProf.student@gmail.tmt",
      "institute": "TEAMMATES Test Institute 7"
    }
  },
  "courses": {
    "SProf.CS2104": {
      "id": "tm.e2e.SProf.CS2104",
      "name": "Programming Language Concepts",
      "institute": "TEAMMATES Test Institute 1",
      "timeZone": "UTC"
    }
  },
  "instructors": {},
  "students": {
    "studentWithExistingProfile": {
      "googleId": "tm.e2e.SProf.student",
      "email": "SProf.student@gmail.tmt",
      "course": "tm.e2e.SProf.CS2104",
      "name": "Benny C",
      "comments": "This student's name is BC",
      "team": "Team 1",
      "section": "None"
    }
  },
  "feedbackSessions": {},
  "feedbackQuestions": {},
  "feedbackResponses": {},
  "feedbackResponseComments": {},
  "profiles": {
    "studentWithExistingProfile": {
      "googleId": "tm.e2e.SProf.student",
      "shortName": "Ben",
      "email": "i.m.benny@gmail.tmt",
      "institute": "TEAMMATES Test Institute 4",
      "nationality": "Singaporean",
      "gender": "MALE",
      "moreInfo": "I am just another student :P"
    }
  }
}
