<?xml version="1.0" encoding="UTF-8"?>
<!DOCTYPE suite SYSTEM "https://testng.org/testng-1.0.dtd">
<suite name="e2e-tests" parallel="tests" thread-count="2">
    <test name="e2e-tests" parallel="classes">
        <packages>
            <package name="teammates.e2e.util" />
        </packages>
        <classes>
            <class name="teammates.e2e.cases.AutomatedSessionRemindersE2ETest" />
            <class name="teammates.e2e.cases.SystemErrorEmailReportE2ETest" />
            <class name="teammates.e2e.cases.TimezoneSyncerTest" />
            <class name="teammates.e2e.cases.AdminHomePageE2ETest" />
            <class name="teammates.e2e.cases.AdminAccountsPageE2ETest" />
            <class name="teammates.e2e.cases.AdminSearchPageE2ETest" />
            <class name="teammates.e2e.cases.AdminSessionsPageE2ETest" />
            <class name="teammates.e2e.cases.FeedbackConstSumOptionQuestionE2ETest" />
            <class name="teammates.e2e.cases.FeedbackConstSumRecipientQuestionE2ETest" />
            <class name="teammates.e2e.cases.FeedbackContributionQuestionE2ETest" />
            <class name="teammates.e2e.cases.FeedbackMcqQuestionE2ETest" />
            <class name="teammates.e2e.cases.FeedbackMsqQuestionE2ETest" />
            <class name="teammates.e2e.cases.FeedbackNumScaleQuestionE2ETest" />
            <class name="teammates.e2e.cases.FeedbackRankRecipientQuestionE2ETest" />
            <class name="teammates.e2e.cases.FeedbackRankOptionQuestionE2ETest" />
            <class name="teammates.e2e.cases.FeedbackResultsPageE2ETest" />
            <class name="teammates.e2e.cases.FeedbackRubricQuestionE2ETest" />
            <class name="teammates.e2e.cases.FeedbackSubmitPageE2ETest" />
            <class name="teammates.e2e.cases.FeedbackTextQuestionE2ETest" />
            <class name="teammates.e2e.cases.InstructorAuditLogsPageE2ETest" />
            <class name="teammates.e2e.cases.InstructorCourseDetailsPageE2ETest" />
            <class name="teammates.e2e.cases.InstructorCourseEditPageE2ETest" />
            <class name="teammates.e2e.cases.InstructorCourseEnrollPageE2ETest" />
            <class name="teammates.e2e.cases.InstructorCourseJoinConfirmationPageE2ETest" />
            <class name="teammates.e2e.cases.InstructorCourseStudentDetailsEditPageE2ETest" />
            <class name="teammates.e2e.cases.InstructorCourseStudentDetailsPageE2ETest" />
            <class name="teammates.e2e.cases.InstructorCoursesPageE2ETest" />
            <class name="teammates.e2e.cases.InstructorFeedbackEditPageE2ETest" />
            <class name="teammates.e2e.cases.InstructorFeedbackReportPageE2ETest" />
            <class name="teammates.e2e.cases.InstructorFeedbackSessionsPageE2ETest" />
            <class name="teammates.e2e.cases.InstructorHomePageE2ETest" />
            <class name="teammates.e2e.cases.InstructorSearchPageE2ETest" />
            <class name="teammates.e2e.cases.InstructorStudentListPageE2ETest" />
            <class name="teammates.e2e.cases.InstructorStudentRecordsPageE2ETest" />
            <class name="teammates.e2e.cases.StudentCourseDetailsPageE2ETest" />
            <class name="teammates.e2e.cases.StudentCourseJoinConfirmationPageE2ETest" />
            <class name="teammates.e2e.cases.StudentHomePageE2ETest" />
            <class name="teammates.e2e.cases.StudentProfilePageE2ETest" />
        </classes>
    </test>
</suite>
